1	1	テスト予定A	1366637243718	21600000	テスト予定内のないようはないよう	1	1	1	1
2	2	テスト予定B	1366537243718	21600000	テスト予定内のないようはないよう	2	2	2	2
3	3	テスト予定C	1366437243718	21600000	テスト予定内のないようはないよう	3	3	3	3
4	4	テスト予定D	1366337243718	21600000	テスト予定内のないようはないよう	4	4	4	4
5	1	テスト予定E	1366237243718	21600000	テスト予定内のないようはないよう	5	5	5	1
6	2	テスト予定F	1366737243718	21600000	テスト予定内のないようはないよう	1	1	6	2
7	3	テスト予定G	1366837243718	21600000	テスト予定内のないようはないよう	2	2	7	3
8	4	テスト予定H	1366937243718	21600000	テスト予定内のないようはないよう	3	3	8	4
9	1	テスト予定I	1367037243718	21600000	テスト予定内のないようはないよう	4	4	9	1
10	2	テスト予定J	1367137243718	21600000	テスト予定内のないようはないよう	5	5	10	2
11	3	テスト予定K	1367237243718	21600000	テスト予定内のないようはないよう	1	1	11	3
12	4	テスト予定L	1367337243718	21600000	テスト予定内のないようはないよう	2	2	12	4
13	1	テスト予定A	1366637243718	21600000	テスト予定内のないようはないよう	1	1	13	1
14	2	テスト予定B	1366537243718	21600000	テスト予定内のないようはないよう	2	2	14	2
15	3	テスト予定C	1366437243718	21600000	テスト予定内のないようはないよう	3	3	15	3
16	4	テスト予定D	1366337243718	21600000	テスト予定内のないようはないよう	4	4	16	4
17	1	テスト予定E	1366237243718	21600000	テスト予定内のないようはないよう	5	5	17	1
18	2	テスト予定F	1366737243718	21600000	テスト予定内のないようはないよう	1	1	18	2
19	3	テスト予定G	1366837243718	21600000	テスト予定内のないようはないよう	2	2	19	3
20	4	テスト予定H	1366937243718	21600000	テスト予定内のないようはないよう	3	3	20	4
21	1	テスト予定I	1367037243718	21600000	テスト予定内のないようはないよう	4	4	21	0
22	2	テスト予定J	1367137243718	21600000	テスト予定内のないようはないよう	5	5	22	0
23	3	テスト予定K	1367237243718	21600000	テスト予定内のないようはないよう	1	1	23	0
24	4	テスト予定L	1367337243718	21600000	テスト予定内のないようはないよう	2	2	24	0
